Open,High,Low,Close,Adj Close,Volume
123.629997,123.629997,123.629997,123.629997,123.629997,0
72.370003,72.370003,72.370003,72.370003,72.370003,0
